<?xml version="1.0" encoding="UTF-8"?>
<beans xmlns="http://www.springframework.org/schema/beans"
       xmlns:xsi="http://www.w3.org/2001/XMLSchema-instance" xmlns:mvc="http://www.springframework.org/schema/mvc"
       xmlns:context="http://www.springframework.org/schema/context"
       xsi:schemaLocation="http://www.springframework.org/schema/beans http://www.springframework.org/schema/beans/spring-beans.xsd http://www.springframework.org/schema/mvc http://www.springframework.org/schema/mvc/spring-mvc.xsd http://www.springframework.org/schema/context http://www.springframework.org/schema/context/spring-context.xsd">

    <context:annotation-config />

    <mvc:annotation-driven/>


    <mvc:resources mapping="/layui/**" location="/WEB-INF/static/layui/" />
    <mvc:resources mapping="/images/**" location="/WEB-INF/static/images/" />
    <mvc:resources mapping="/css/**" location="/WEB-INF/static/css/" />

    <mvc:default-servlet-handler />


    <bean id="defaultViewResolver" class="org.springframework.web.servlet.view.InternalResourceViewResolver">
        <property name="viewClass" value="org.springframework.web.servlet.view.JstlView"/>
        <property name="prefix" value="/WEB-INF/views/"/>
        <property name="suffix" value=".jsp"/>
        <property name="exposeContextBeansAsAttributes" value="true"/>
    </bean>

    <!-- IndexController-->
    <context:component-scan base-package="com.ctfshow.controller"/>
</beans>